{"actions": [{"COMMAND": null, "RESPONSE": null}, {"COMMAND": "[1702456923.369][INFO]: [cc15b3716a7e5c5b448d16269321f9cf] COMMAND InitSession {\n   \"capabilities\": {\n      \"firstMatch\": [ {\n         \"browserName\": \"chrome\",\n         \"goog:chromeOptions\": {\n            \"args\": [  ],\n            \"extensions\": [  ]\n         },\n         \"goog:loggingPrefs\": {\n            \"browser\": \"ALL\",\n            \"driver\": \"ALL\"\n         }\n      } ]\n   }\n}\n", "RESPONSE": "[1702456926.715][INFO]: [cc15b3716a7e5c5b448d16269321f9cf] RESPONSE InitSession {\n   \"capabilities\": {\n      \"acceptInsecureCerts\": false,\n      \"browserName\": \"chrome\",\n      \"browserVersion\": \"119.0.6045.200\",\n      \"chrome\": {\n         \"chromedriverVersion\": \"119.0.6045.105 (38c72552c5e15ba9b3117c0967a0fd105072d7c6-refs/branch-heads/6045@{#1103})\",\n         \"userDataDir\": \"C:\\\\Users\\\\NAGMA~1.KAZ\\\\AppData\\\\Local\\\\Temp\\\\scoped_dir31492_1615166822\"\n      },\n      \"fedcm:accounts\": true,\n      \"goog:chromeOptions\": {\n         \"debuggerAddress\": \"localhost:51589\"\n      },\n      \"networkConnectionEnabled\": false,\n      \"pageLoadStrategy\": \"normal\",\n      \"platformName\": \"windows\",\n      \"proxy\": {\n      },\n      \"setWindowRect\": true,\n      \"strictFileInteractability\": false,\n      \"timeouts\": {\n         \"implicit\": 0,\n         \"pageLoad\": 300000,\n         \"script\": 30000\n      },\n      \"unhandledPromptBehavior\": \"dismiss and notify\",\n      \"webauthn:extension:credBlob\": true,\n      \"webauthn:extension:largeBlob\": true,\n      \"webauthn:extension:minPinLength\": true,\n      \"webauthn:extension:prf\": true,\n      \"webauthn:virtualAuthenticators\": true\n   },\n   \"sessionId\": \"cc15b3716a7e5c5b448d16269321f9cf\"\n}\n"}, {"COMMAND": "[1702456927.165][INFO]: [cc15b3716a7e5c5b448d16269321f9cf] COMMAND MaximizeWindow {\n}\n", "RESPONSE": "[1702456927.302][INFO]: [cc15b3716a7e5c5b448d16269321f9cf] RESPONSE MaximizeWindow {\n   \"height\": 744,\n   \"width\": 1382,\n   \"x\": -8,\n   \"y\": -8\n}\n"}, {"COMMAND": "[1702456927.319][INFO]: [cc15b3716a7e5c5b448d16269321f9cf] COMMAND SetTimeouts {\n   \"implicit\": 30000\n}\n", "RESPONSE": null}, {"COMMAND": "[1702456927.335][INFO]: [cc15b3716a7e5c5b448d16269321f9cf] COMMAND Navigate {\n   \"url\": \"https://leetcode.com/\"\n}\n", "RESPONSE": "[1702456939.236][INFO]: [cc15b3716a7e5c5b448d16269321f9cf] RESPONSE Navigate\n"}, {"COMMAND": "[1702456939.241][INFO]: [cc15b3716a7e5c5b448d16269321f9cf] COMMAND GetUrl {\n}\n", "RESPONSE": "[1702456939.248][INFO]: [cc15b3716a7e5c5b448d16269321f9cf] RESPONSE GetUrl \"https://leetcode.com/\"\n"}, {"COMMAND": "[1702456939.254][INFO]: [cc15b3716a7e5c5b448d16269321f9cf] COMMAND Navigate {\n   \"url\": \"https://leetcode.com/\"\n}\n", "RESPONSE": "[1702456941.863][INFO]: [cc15b3716a7e5c5b448d16269321f9cf] RESPONSE Navigate\n"}, {"COMMAND": "[1702456941.870][INFO]: [cc15b3716a7e5c5b448d16269321f9cf] COMMAND FindElement {\n   \"using\": \"xpath\",\n   \"value\": \"//*[@id='landing-page-app']/div/div[1]/div[3]/div[1]/div/div/div[2]/div/a[3]/span\"\n}\n", "RESPONSE": "[1702456941.917][INFO]: [cc15b3716a7e5c5b448d16269321f9cf] RESPONSE FindElement {\n   \"element-6066-11e4-a52e-4f735466cecf\": \"EAEF15B632DD8947898FD2C155980E57_element_5\"\n}\n"}, {"COMMAND": "[1702456941.925][INFO]: [cc15b3716a7e5c5b448d16269321f9cf] COMMAND ClickElement {\n   \"id\": \"EAEF15B632DD8947898FD2C155980E57_element_5\"\n}\n", "RESPONSE": "[1702456942.048][INFO]: [cc15b3716a7e5c5b448d16269321f9cf] RESPONSE ClickElement\n"}, {"COMMAND": "[1702456942.052][INFO]: [cc15b3716a7e5c5b448d16269321f9cf] COMMAND FindElement {\n   \"using\": \"xpath\",\n   \"value\": \"//*[@id=\\\"product\\\"]/div/div/div[1]/div/a\"\n}\n", "RESPONSE": "[1702456942.067][INFO]: [cc15b3716a7e5c5b448d16269321f9cf] RESPONSE FindElement {\n   \"element-6066-11e4-a52e-4f735466cecf\": \"EAEF15B632DD8947898FD2C155980E57_element_6\"\n}\n"}, {"COMMAND": "[1702456942.071][INFO]: [cc15b3716a7e5c5b448d16269321f9cf] COMMAND ClickElement {\n   \"id\": \"EAEF15B632DD8947898FD2C155980E57_element_6\"\n}\n", "RESPONSE": "[1702456949.281][INFO]: [cc15b3716a7e5c5b448d16269321f9cf] RESPONSE ClickElement\n"}, {"COMMAND": "[1702456949.284][INFO]: [cc15b3716a7e5c5b448d16269321f9cf] COMMAND GetUrl {\n}\n", "RESPONSE": "[1702456950.421][INFO]: [cc15b3716a7e5c5b448d16269321f9cf] RESPONSE GetUrl \"https://leetcode.com/problemset/\"\n"}, {"COMMAND": "[1702456952.444][INFO]: [cc15b3716a7e5c5b448d16269321f9cf] COMMAND FindElement {\n   \"using\": \"xpath\",\n   \"value\": \"((//div[@role='table'])[2]//div/div[@role='rowgroup']//div[@role='row'])[2]//div[@class='truncate']//a\"\n}\n", "RESPONSE": "[1702456952.462][INFO]: [cc15b3716a7e5c5b448d16269321f9cf] RESPONSE FindElement {\n   \"element-6066-11e4-a52e-4f735466cecf\": \"C49CD269BB525714064D878C60DD9705_element_9\"\n}\n"}, {"COMMAND": "[1702456953.468][INFO]: [cc15b3716a7e5c5b448d16269321f9cf] COMMAND GetElementText {\n   \"id\": \"C49CD269BB525714064D878C60DD9705_element_9\"\n}\n", "RESPONSE": "[1702456953.481][INFO]: [cc15b3716a7e5c5b448d16269321f9cf] RESPONSE GetElementText \"1. Two Sum\"\n"}, {"COMMAND": "[1702456953.485][INFO]: [cc15b3716a7e5c5b448d16269321f9cf] COMMAND FindElement {\n   \"using\": \"xpath\",\n   \"value\": \"((//div[@role='table'])[2]//div/div[@role='rowgroup']//div[@role='row'])[3]//div[@class='truncate']//a\"\n}\n", "RESPONSE": "[1702456953.497][INFO]: [cc15b3716a7e5c5b448d16269321f9cf] RESPONSE FindElement {\n   \"element-6066-11e4-a52e-4f735466cecf\": \"C49CD269BB525714064D878C60DD9705_element_10\"\n}\n"}, {"COMMAND": "[1702456954.506][INFO]: [cc15b3716a7e5c5b448d16269321f9cf] COMMAND GetElementText {\n   \"id\": \"C49CD269BB525714064D878C60DD9705_element_10\"\n}\n", "RESPONSE": "[1702456954.515][INFO]: [cc15b3716a7e5c5b448d16269321f9cf] RESPONSE GetElementText \"2. Add Two Numbers\"\n"}, {"COMMAND": "[1702456954.519][INFO]: [cc15b3716a7e5c5b448d16269321f9cf] COMMAND FindElement {\n   \"using\": \"xpath\",\n   \"value\": \"((//div[@role='table'])[2]//div/div[@role='rowgroup']//div[@role='row'])[4]//div[@class='truncate']//a\"\n}\n", "RESPONSE": "[1702456954.530][INFO]: [cc15b3716a7e5c5b448d16269321f9cf] RESPONSE FindElement {\n   \"element-6066-11e4-a52e-4f735466cecf\": \"C49CD269BB525714064D878C60DD9705_element_11\"\n}\n"}, {"COMMAND": "[1702456955.540][INFO]: [cc15b3716a7e5c5b448d16269321f9cf] COMMAND GetElementText {\n   \"id\": \"C49CD269BB525714064D878C60DD9705_element_11\"\n}\n", "RESPONSE": "[1702456955.548][INFO]: [cc15b3716a7e5c5b448d16269321f9cf] RESPONSE GetElementText \"3. Longest Substring Without Repeating Characters\"\n"}, {"COMMAND": "[1702456955.551][INFO]: [cc15b3716a7e5c5b448d16269321f9cf] COMMAND FindElement {\n   \"using\": \"xpath\",\n   \"value\": \"((//div[@role='table'])[2]//div/div[@role='rowgroup']//div[@role='row'])[5]//div[@class='truncate']//a\"\n}\n", "RESPONSE": "[1702456955.564][INFO]: [cc15b3716a7e5c5b448d16269321f9cf] RESPONSE FindElement {\n   \"element-6066-11e4-a52e-4f735466cecf\": \"C49CD269BB525714064D878C60DD9705_element_12\"\n}\n"}, {"COMMAND": "[1702456956.575][INFO]: [cc15b3716a7e5c5b448d16269321f9cf] COMMAND GetElementText {\n   \"id\": \"C49CD269BB525714064D878C60DD9705_element_12\"\n}\n", "RESPONSE": "[1702456956.584][INFO]: [cc15b3716a7e5c5b448d16269321f9cf] RESPONSE GetElementText \"4. Median of Two Sorted Arrays\"\n"}, {"COMMAND": "[1702456956.587][INFO]: [cc15b3716a7e5c5b448d16269321f9cf] COMMAND FindElement {\n   \"using\": \"xpath\",\n   \"value\": \"((//div[@role='table'])[2]//div/div[@role='rowgroup']//div[@role='row'])[6]//div[@class='truncate']//a\"\n}\n", "RESPONSE": "[1702456956.599][INFO]: [cc15b3716a7e5c5b448d16269321f9cf] RESPONSE FindElement {\n   \"element-6066-11e4-a52e-4f735466cecf\": \"C49CD269BB525714064D878C60DD9705_element_13\"\n}\n"}, {"COMMAND": "[1702456957.610][INFO]: [cc15b3716a7e5c5b448d16269321f9cf] COMMAND GetElementText {\n   \"id\": \"C49CD269BB525714064D878C60DD9705_element_13\"\n}\n", "RESPONSE": "[1702456957.618][INFO]: [cc15b3716a7e5c5b448d16269321f9cf] RESPONSE GetElementText \"5. Longest Palindromic Substring\"\n"}, {"COMMAND": "[1702456957.621][INFO]: [cc15b3716a7e5c5b448d16269321f9cf] COMMAND Navigate {\n   \"url\": \"https://leetcode.com/problems/two-sum/\"\n}\n", "RESPONSE": "[1702456962.471][INFO]: [cc15b3716a7e5c5b448d16269321f9cf] RESPONSE Navigate\n"}, {"COMMAND": "[1702456962.474][INFO]: [cc15b3716a7e5c5b448d16269321f9cf] COMMAND GetUrl {\n}\n", "RESPONSE": "[1702456962.484][INFO]: [cc15b3716a7e5c5b448d16269321f9cf] RESPONSE GetUrl \"https://leetcode.com/problems/two-sum/\"\n"}, {"COMMAND": "[1702456962.488][INFO]: [cc15b3716a7e5c5b448d16269321f9cf] COMMAND Navigate {\n   \"url\": \"https://leetcode.com/problems/two-sum/\"\n}\n", "RESPONSE": "[1702456965.347][INFO]: [cc15b3716a7e5c5b448d16269321f9cf] RESPONSE Navigate\n"}, {"COMMAND": "[1702456965.353][INFO]: [cc15b3716a7e5c5b448d16269321f9cf] COMMAND FindElement {\n   \"using\": \"xpath\",\n   \"value\": \"//*[@id='qd-content']/div[1]/div/div/div/div[1]/div/div/a[4]/div\"\n}\n", "RESPONSE": "[1702456967.062][INFO]: [cc15b3716a7e5c5b448d16269321f9cf] RESPONSE FindElement {\n   \"element-6066-11e4-a52e-4f735466cecf\": \"6F40DB88431585C1BA8CAAA045F3D322_element_14\"\n}\n"}, {"COMMAND": "[1702456967.069][INFO]: [cc15b3716a7e5c5b448d16269321f9cf] COMMAND ClickElement {\n   \"id\": \"6F40DB88431585C1BA8CAAA045F3D322_element_14\"\n}\n", "RESPONSE": "[1702456967.269][INFO]: [cc15b3716a7e5c5b448d16269321f9cf] RESPONSE ClickElement\n"}, {"COMMAND": "[1702456967.274][INFO]: [cc15b3716a7e5c5b448d16269321f9cf] COMMAND FindElement {\n   \"using\": \"xpath\",\n   \"value\": \"//*[@id='qd-content']/div[1]/div/div/div/div[2]/div/div/a\"\n}\n", "RESPONSE": "[1702456967.378][INFO]: [cc15b3716a7e5c5b448d16269321f9cf] RESPONSE FindElement {\n   \"element-6066-11e4-a52e-4f735466cecf\": \"6F40DB88431585C1BA8CAAA045F3D322_element_16\"\n}\n"}, {"COMMAND": "[1702456967.385][INFO]: [cc15b3716a7e5c5b448d16269321f9cf] COMMAND GetElementText {\n   \"id\": \"6F40DB88431585C1BA8CAAA045F3D322_element_16\"\n}\n", "RESPONSE": "[1702456967.405][INFO]: [cc15b3716a7e5c5b448d16269321f9cf] RESPONSE GetElementText \"Register or Sign In\"\n"}]}