{"actions": [{"COMMAND": null, "RESPONSE": null}, {"COMMAND": "[1701531834.615][INFO]: [28187a558dc71b9b20128d12c1c947c1] COMMAND InitSession {\n   \"capabilities\": {\n      \"firstMatch\": [ {\n         \"browserName\": \"chrome\",\n         \"goog:chromeOptions\": {\n            \"args\": [  ],\n            \"extensions\": [  ]\n         },\n         \"goog:loggingPrefs\": {\n            \"browser\": \"ALL\",\n            \"driver\": \"ALL\"\n         }\n      } ]\n   }\n}\n", "RESPONSE": "[1701531838.706][INFO]: [28187a558dc71b9b20128d12c1c947c1] RESPONSE InitSession {\n   \"capabilities\": {\n      \"acceptInsecureCerts\": false,\n      \"browserName\": \"chrome\",\n      \"browserVersion\": \"119.0.6045.200\",\n      \"chrome\": {\n         \"chromedriverVersion\": \"119.0.6045.105 (38c72552c5e15ba9b3117c0967a0fd105072d7c6-refs/branch-heads/6045@{#1103})\",\n         \"userDataDir\": \"C:\\\\Users\\\\NAGMA~1.KAZ\\\\AppData\\\\Local\\\\Temp\\\\scoped_dir27860_900162130\"\n      },\n      \"fedcm:accounts\": true,\n      \"goog:chromeOptions\": {\n         \"debuggerAddress\": \"localhost:64242\"\n      },\n      \"networkConnectionEnabled\": false,\n      \"pageLoadStrategy\": \"normal\",\n      \"platformName\": \"windows\",\n      \"proxy\": {\n      },\n      \"setWindowRect\": true,\n      \"strictFileInteractability\": false,\n      \"timeouts\": {\n         \"implicit\": 0,\n         \"pageLoad\": 300000,\n         \"script\": 30000\n      },\n      \"unhandledPromptBehavior\": \"dismiss and notify\",\n      \"webauthn:extension:credBlob\": true,\n      \"webauthn:extension:largeBlob\": true,\n      \"webauthn:extension:minPinLength\": true,\n      \"webauthn:extension:prf\": true,\n      \"webauthn:virtualAuthenticators\": true\n   },\n   \"sessionId\": \"28187a558dc71b9b20128d12c1c947c1\"\n}\n"}, {"COMMAND": "[1701531838.969][INFO]: [28187a558dc71b9b20128d12c1c947c1] COMMAND MaximizeWindow {\n}\n", "RESPONSE": "[1701531839.090][INFO]: [28187a558dc71b9b20128d12c1c947c1] RESPONSE MaximizeWindow {\n   \"height\": 744,\n   \"width\": 1382,\n   \"x\": -8,\n   \"y\": -8\n}\n"}, {"COMMAND": "[1701531839.101][INFO]: [28187a558dc71b9b20128d12c1c947c1] COMMAND SetTimeouts {\n   \"implicit\": 30000\n}\n", "RESPONSE": null}, {"COMMAND": "[1701531839.109][INFO]: [28187a558dc71b9b20128d12c1c947c1] COMMAND Navigate {\n   \"url\": \"https://www.google.com/\"\n}\n", "RESPONSE": "[1701531841.472][INFO]: [28187a558dc71b9b20128d12c1c947c1] RESPONSE Navigate\n"}, {"COMMAND": "[1701531841.477][INFO]: [28187a558dc71b9b20128d12c1c947c1] COMMAND GetUrl {\n}\n", "RESPONSE": "[1701531841.484][INFO]: [28187a558dc71b9b20128d12c1c947c1] RESPONSE GetUrl \"https://www.google.com/\"\n"}, {"COMMAND": "[1701531841.490][INFO]: [28187a558dc71b9b20128d12c1c947c1] COMMAND FindElement {\n   \"using\": \"xpath\",\n   \"value\": \"//*[@id='APjFqb']\"\n}\n", "RESPONSE": "[1701531841.505][INFO]: [28187a558dc71b9b20128d12c1c947c1] RESPONSE FindElement {\n   \"element-6066-11e4-a52e-4f735466cecf\": \"8CAB9111962E4962D8B73CE094C32BA4_element_2\"\n}\n"}, {"COMMAND": "[1701531841.513][INFO]: [28187a558dc71b9b20128d12c1c947c1] COMMAND TypeElement {\n   \"id\": \"8CAB9111962E4962D8B73CE094C32BA4_element_2\",\n   \"text\": \"google calculator\",\n   \"value\": [ \"g\", \"o\", \"o\", \"g\", \"l\", \"e\", \" \", \"c\", \"a\", \"l\", \"c\", \"u\", \"l\", \"a\", \"t\", \"o\", \"r\" ]\n}\n", "RESPONSE": "[1701531841.606][INFO]: [28187a558dc71b9b20128d12c1c947c1] RESPONSE TypeElement\n"}, {"COMMAND": "[1701531844.617][INFO]: [28187a558dc71b9b20128d12c1c947c1] COMMAND FindElements {\n   \"using\": \"xpath\",\n   \"value\": \"//ul[@role='listbox']//li/descendant::div[@class='eIPGRd']\"\n}\n", "RESPONSE": "[1701531844.630][INFO]: [28187a558dc71b9b20128d12c1c947c1] RESPONSE FindElements [ {\n   \"element-6066-11e4-a52e-4f735466cecf\": \"8CAB9111962E4962D8B73CE094C32BA4_element_33\"\n}, {\n   \"element-6066-11e4-a52e-4f735466cecf\": \"8CAB9111962E4962D8B73CE094C32BA4_element_34\"\n}, {\n   \"element-6066-11e4-a52e-4f735466cecf\": \"8CAB9111962E4962D8B73CE094C32BA4_element_35\"\n}, {\n   \"element-6066-11e4-a52e-4f735466cecf\": \"8CAB9111962E4962D8B73CE094C32BA4_element_36\"\n}, {\n   \"element-6066-11e4-a52e-4f735466cecf\": \"8CAB9111962E4962D8B73CE094C32BA4_element_37\"\n}, {\n   \"element-6066-11e4-a52e-4f735466cecf\": \"8CAB9111962E4962D8B73CE094C32BA4_element_38\"\n}, {\n   \"element-6066-11e4-a52e-4f735466cecf\": \"8CAB9111962E4962D8B73CE094C32BA4_element_39\"\n}, {\n   \"element-6066-11e4-a52e-4f735466cecf\": \"8CAB9111962E4962D8B73CE094C32BA4_element_40\"\n}, {\n   \"element-6066-11e4-a52e-4f735466cecf\": \"8CAB9111962E4962D8B73CE094C32BA4_element_41\"\n}, {\n   \"element-6066-11e4-a52e-4f735466cecf\": \"8CAB9111962E4962D8B73CE094C32BA4_element_42\"\n} ]\n"}, {"COMMAND": "[1701531844.641][INFO]: [28187a558dc71b9b20128d12c1c947c1] COMMAND GetElementText {\n   \"id\": \"8CAB9111962E4962D8B73CE094C32BA4_element_33\"\n}\n", "RESPONSE": "[1701531844.656][INFO]: [28187a558dc71b9b20128d12c1c947c1] RESPONSE GetElementText \"google calculator\"\n"}, {"COMMAND": "[1701531844.660][INFO]: [28187a558dc71b9b20128d12c1c947c1] COMMAND ClickElement {\n   \"id\": \"8CAB9111962E4962D8B73CE094C32BA4_element_33\"\n}\n", "RESPONSE": "[1701531844.960][INFO]: [28187a558dc71b9b20128d12c1c947c1] RESPONSE ClickElement\n"}, {"COMMAND": "[1701531844.966][INFO]: [28187a558dc71b9b20128d12c1c947c1] COMMAND FindElement {\n   \"using\": \"xpath\",\n   \"value\": \"//*[@id='rso']/div[1]/div/div/div/div[1]\"\n}\n", "RESPONSE": "[1701531846.544][INFO]: [28187a558dc71b9b20128d12c1c947c1] RESPONSE FindElement {\n   \"element-6066-11e4-a52e-4f735466cecf\": \"5B04FAA4695AA927F02DAD9704C71A46_element_46\"\n}\n"}, {"COMMAND": "[1701531846.576][INFO]: [28187a558dc71b9b20128d12c1c947c1] COMMAND FindElement {\n   \"using\": \"xpath\",\n   \"value\": \"//*[@id='cwos']\"\n}\n", "RESPONSE": "[1701531846.587][INFO]: [28187a558dc71b9b20128d12c1c947c1] RESPONSE FindElement {\n   \"element-6066-11e4-a52e-4f735466cecf\": \"5B04FAA4695AA927F02DAD9704C71A46_element_61\"\n}\n"}, {"COMMAND": "[1701531846.608][INFO]: [28187a558dc71b9b20128d12c1c947c1] COMMAND FindElement {\n   \"using\": \"xpath\",\n   \"value\": \"//div[contains(@class, 'PaQdxb')]//div[text()='5']\"\n}\n", "RESPONSE": "[1701531846.621][INFO]: [28187a558dc71b9b20128d12c1c947c1] RESPONSE FindElement {\n   \"element-6066-11e4-a52e-4f735466cecf\": \"5B04FAA4695AA927F02DAD9704C71A46_element_62\"\n}\n"}, {"COMMAND": "[1701531846.624][INFO]: [28187a558dc71b9b20128d12c1c947c1] COMMAND ClickElement {\n   \"id\": \"5B04FAA4695AA927F02DAD9704C71A46_element_62\"\n}\n", "RESPONSE": "[1701531846.669][INFO]: [28187a558dc71b9b20128d12c1c947c1] RESPONSE ClickElement\n"}, {"COMMAND": "[1701531846.672][INFO]: [28187a558dc71b9b20128d12c1c947c1] COMMAND FindElement {\n   \"using\": \"xpath\",\n   \"value\": \"//div[contains(@class, 'PaQdxb')]//div[text()='+']\"\n}\n", "RESPONSE": "[1701531846.685][INFO]: [28187a558dc71b9b20128d12c1c947c1] RESPONSE FindElement {\n   \"element-6066-11e4-a52e-4f735466cecf\": \"5B04FAA4695AA927F02DAD9704C71A46_element_63\"\n}\n"}, {"COMMAND": "[1701531846.688][INFO]: [28187a558dc71b9b20128d12c1c947c1] COMMAND ClickElement {\n   \"id\": \"5B04FAA4695AA927F02DAD9704C71A46_element_63\"\n}\n", "RESPONSE": "[1701531846.734][INFO]: [28187a558dc71b9b20128d12c1c947c1] RESPONSE ClickElement\n"}, {"COMMAND": "[1701531846.738][INFO]: [28187a558dc71b9b20128d12c1c947c1] COMMAND FindElement {\n   \"using\": \"xpath\",\n   \"value\": \"//div[contains(@class, 'PaQdxb')]//div[text()='7']\"\n}\n", "RESPONSE": "[1701531846.752][INFO]: [28187a558dc71b9b20128d12c1c947c1] RESPONSE FindElement {\n   \"element-6066-11e4-a52e-4f735466cecf\": \"5B04FAA4695AA927F02DAD9704C71A46_element_64\"\n}\n"}, {"COMMAND": "[1701531846.756][INFO]: [28187a558dc71b9b20128d12c1c947c1] COMMAND ClickElement {\n   \"id\": \"5B04FAA4695AA927F02DAD9704C71A46_element_64\"\n}\n", "RESPONSE": "[1701531846.794][INFO]: [28187a558dc71b9b20128d12c1c947c1] RESPONSE ClickElement\n"}, {"COMMAND": "[1701531846.798][INFO]: [28187a558dc71b9b20128d12c1c947c1] COMMAND FindElement {\n   \"using\": \"xpath\",\n   \"value\": \"//div[contains(@class, 'PaQdxb')]//div[text()='=']\"\n}\n", "RESPONSE": "[1701531846.813][INFO]: [28187a558dc71b9b20128d12c1c947c1] RESPONSE FindElement {\n   \"element-6066-11e4-a52e-4f735466cecf\": \"5B04FAA4695AA927F02DAD9704C71A46_element_65\"\n}\n"}, {"COMMAND": "[1701531846.817][INFO]: [28187a558dc71b9b20128d12c1c947c1] COMMAND ClickElement {\n   \"id\": \"5B04FAA4695AA927F02DAD9704C71A46_element_65\"\n}\n", "RESPONSE": "[1701531846.872][INFO]: [28187a558dc71b9b20128d12c1c947c1] RESPONSE ClickElement\n"}, {"COMMAND": "[1701531848.898][INFO]: [28187a558dc71b9b20128d12c1c947c1] COMMAND FindElement {\n   \"using\": \"css selector\",\n   \"value\": \"#cwos\"\n}\n", "RESPONSE": "[1701531848.909][INFO]: [28187a558dc71b9b20128d12c1c947c1] RESPONSE FindElement {\n   \"element-6066-11e4-a52e-4f735466cecf\": \"5B04FAA4695AA927F02DAD9704C71A46_element_61\"\n}\n"}, {"COMMAND": "[1701531848.911][INFO]: [28187a558dc71b9b20128d12c1c947c1] COMMAND GetElementText {\n   \"id\": \"5B04FAA4695AA927F02DAD9704C71A46_element_61\"\n}\n", "RESPONSE": "[1701531848.918][INFO]: [28187a558dc71b9b20128d12c1c947c1] RESPONSE GetElementText \"12\"\n"}, {"COMMAND": "[1701531848.921][INFO]: [28187a558dc71b9b20128d12c1c947c1] COMMAND FindElement {\n   \"using\": \"xpath\",\n   \"value\": \"//div[contains(@class, 'PaQdxb')]//div[text()='AC']\"\n}\n", "RESPONSE": "[1701531848.931][INFO]: [28187a558dc71b9b20128d12c1c947c1] RESPONSE FindElement {\n   \"element-6066-11e4-a52e-4f735466cecf\": \"5B04FAA4695AA927F02DAD9704C71A46_element_70\"\n}\n"}, {"COMMAND": "[1701531848.934][INFO]: [28187a558dc71b9b20128d12c1c947c1] COMMAND ClickElement {\n   \"id\": \"5B04FAA4695AA927F02DAD9704C71A46_element_70\"\n}\n", "RESPONSE": "[1701531848.967][INFO]: [28187a558dc71b9b20128d12c1c947c1] RESPONSE ClickElement\n"}, {"COMMAND": "[1701531848.970][INFO]: [28187a558dc71b9b20128d12c1c947c1] COMMAND FindElement {\n   \"using\": \"xpath\",\n   \"value\": \"//div[contains(@class, 'PaQdxb')]//div[text()='1']\"\n}\n", "RESPONSE": "[1701531848.981][INFO]: [28187a558dc71b9b20128d12c1c947c1] RESPONSE FindElement {\n   \"element-6066-11e4-a52e-4f735466cecf\": \"5B04FAA4695AA927F02DAD9704C71A46_element_71\"\n}\n"}, {"COMMAND": "[1701531848.985][INFO]: [28187a558dc71b9b20128d12c1c947c1] COMMAND ClickElement {\n   \"id\": \"5B04FAA4695AA927F02DAD9704C71A46_element_71\"\n}\n", "RESPONSE": "[1701531849.017][INFO]: [28187a558dc71b9b20128d12c1c947c1] RESPONSE ClickElement\n"}, {"COMMAND": "[1701531849.020][INFO]: [28187a558dc71b9b20128d12c1c947c1] COMMAND FindElement {\n   \"using\": \"xpath\",\n   \"value\": \"//div[contains(@class, 'PaQdxb')]//div[text()='5']\"\n}\n", "RESPONSE": "[1701531849.029][INFO]: [28187a558dc71b9b20128d12c1c947c1] RESPONSE FindElement {\n   \"element-6066-11e4-a52e-4f735466cecf\": \"5B04FAA4695AA927F02DAD9704C71A46_element_62\"\n}\n"}, {"COMMAND": "[1701531849.033][INFO]: [28187a558dc71b9b20128d12c1c947c1] COMMAND ClickElement {\n   \"id\": \"5B04FAA4695AA927F02DAD9704C71A46_element_62\"\n}\n", "RESPONSE": "[1701531849.060][INFO]: [28187a558dc71b9b20128d12c1c947c1] RESPONSE ClickElement\n"}, {"COMMAND": "[1701531849.063][INFO]: [28187a558dc71b9b20128d12c1c947c1] COMMAND FindElement {\n   \"using\": \"xpath\",\n   \"value\": \"//*[@id=\\\"rso\\\"]/div[1]/div/div/div/div[1]/div/div/div[3]/div/table[2]/tbody/tr[4]/td[4]/div/div\"\n}\n", "RESPONSE": "[1701531849.074][INFO]: [28187a558dc71b9b20128d12c1c947c1] RESPONSE FindElement {\n   \"element-6066-11e4-a52e-4f735466cecf\": \"5B04FAA4695AA927F02DAD9704C71A46_element_72\"\n}\n"}, {"COMMAND": "[1701531849.077][INFO]: [28187a558dc71b9b20128d12c1c947c1] COMMAND ClickElement {\n   \"id\": \"5B04FAA4695AA927F02DAD9704C71A46_element_72\"\n}\n", "RESPONSE": "[1701531849.109][INFO]: [28187a558dc71b9b20128d12c1c947c1] RESPONSE ClickElement\n"}, {"COMMAND": "[1701531849.112][INFO]: [28187a558dc71b9b20128d12c1c947c1] COMMAND FindElement {\n   \"using\": \"xpath\",\n   \"value\": \"//div[contains(@class, 'PaQdxb')]//div[text()='8']\"\n}\n", "RESPONSE": "[1701531849.123][INFO]: [28187a558dc71b9b20128d12c1c947c1] RESPONSE FindElement {\n   \"element-6066-11e4-a52e-4f735466cecf\": \"5B04FAA4695AA927F02DAD9704C71A46_element_73\"\n}\n"}, {"COMMAND": "[1701531849.126][INFO]: [28187a558dc71b9b20128d12c1c947c1] COMMAND ClickElement {\n   \"id\": \"5B04FAA4695AA927F02DAD9704C71A46_element_73\"\n}\n", "RESPONSE": "[1701531849.157][INFO]: [28187a558dc71b9b20128d12c1c947c1] RESPONSE ClickElement\n"}, {"COMMAND": "[1701531850.165][INFO]: [28187a558dc71b9b20128d12c1c947c1] COMMAND FindElement {\n   \"using\": \"xpath\",\n   \"value\": \"//div[contains(@class, 'PaQdxb')]//div[text()='=']\"\n}\n", "RESPONSE": "[1701531850.174][INFO]: [28187a558dc71b9b20128d12c1c947c1] RESPONSE FindElement {\n   \"element-6066-11e4-a52e-4f735466cecf\": \"5B04FAA4695AA927F02DAD9704C71A46_element_65\"\n}\n"}, {"COMMAND": "[1701531850.180][INFO]: [28187a558dc71b9b20128d12c1c947c1] COMMAND ClickElement {\n   \"id\": \"5B04FAA4695AA927F02DAD9704C71A46_element_65\"\n}\n", "RESPONSE": "[1701531850.214][INFO]: [28187a558dc71b9b20128d12c1c947c1] RESPONSE ClickElement\n"}, {"COMMAND": "[1701531850.217][INFO]: [28187a558dc71b9b20128d12c1c947c1] COMMAND FindElement {\n   \"using\": \"xpath\",\n   \"value\": \"//*[@id=\\\"cwos\\\"]\"\n}\n", "RESPONSE": "[1701531850.229][INFO]: [28187a558dc71b9b20128d12c1c947c1] RESPONSE FindElement {\n   \"element-6066-11e4-a52e-4f735466cecf\": \"5B04FAA4695AA927F02DAD9704C71A46_element_61\"\n}\n"}, {"COMMAND": "[1701531850.248][INFO]: [28187a558dc71b9b20128d12c1c947c1] COMMAND FindElement {\n   \"using\": \"xpath\",\n   \"value\": \"//div[contains(@class, 'PaQdxb')]//div[text()='AC']\"\n}\n", "RESPONSE": "[1701531850.255][INFO]: [28187a558dc71b9b20128d12c1c947c1] RESPONSE FindElement {\n   \"element-6066-11e4-a52e-4f735466cecf\": \"5B04FAA4695AA927F02DAD9704C71A46_element_70\"\n}\n"}, {"COMMAND": "[1701531850.258][INFO]: [28187a558dc71b9b20128d12c1c947c1] COMMAND ClickElement {\n   \"id\": \"5B04FAA4695AA927F02DAD9704C71A46_element_70\"\n}\n", "RESPONSE": "[1701531850.295][INFO]: [28187a558dc71b9b20128d12c1c947c1] RESPONSE ClickElement\n"}, {"COMMAND": "[1701531850.298][INFO]: [28187a558dc71b9b20128d12c1c947c1] COMMAND FindElement {\n   \"using\": \"xpath\",\n   \"value\": \"//div[contains(@class, 'PaQdxb')]//div[text()='1']\"\n}\n", "RESPONSE": "[1701531850.310][INFO]: [28187a558dc71b9b20128d12c1c947c1] RESPONSE FindElement {\n   \"element-6066-11e4-a52e-4f735466cecf\": \"5B04FAA4695AA927F02DAD9704C71A46_element_71\"\n}\n"}, {"COMMAND": "[1701531850.313][INFO]: [28187a558dc71b9b20128d12c1c947c1] COMMAND ClickElement {\n   \"id\": \"5B04FAA4695AA927F02DAD9704C71A46_element_71\"\n}\n", "RESPONSE": "[1701531850.348][INFO]: [28187a558dc71b9b20128d12c1c947c1] RESPONSE ClickElement\n"}, {"COMMAND": "[1701531850.351][INFO]: [28187a558dc71b9b20128d12c1c947c1] COMMAND FindElement {\n   \"using\": \"xpath\",\n   \"value\": \"//div[contains(@class, 'PaQdxb')]//div[text()='0']\"\n}\n", "RESPONSE": "[1701531850.362][INFO]: [28187a558dc71b9b20128d12c1c947c1] RESPONSE FindElement {\n   \"element-6066-11e4-a52e-4f735466cecf\": \"5B04FAA4695AA927F02DAD9704C71A46_element_78\"\n}\n"}, {"COMMAND": "[1701531850.366][INFO]: [28187a558dc71b9b20128d12c1c947c1] COMMAND ClickElement {\n   \"id\": \"5B04FAA4695AA927F02DAD9704C71A46_element_78\"\n}\n", "RESPONSE": "[1701531850.399][INFO]: [28187a558dc71b9b20128d12c1c947c1] RESPONSE ClickElement\n"}, {"COMMAND": "[1701531850.402][INFO]: [28187a558dc71b9b20128d12c1c947c1] COMMAND FindElement {\n   \"using\": \"xpath\",\n   \"value\": \"//*[@id=\\\"rso\\\"]/div[1]/div/div/div/div[1]/div/div/div[3]/div/table[2]/tbody/tr[3]/td[4]/div/div\"\n}\n", "RESPONSE": "[1701531850.414][INFO]: [28187a558dc71b9b20128d12c1c947c1] RESPONSE FindElement {\n   \"element-6066-11e4-a52e-4f735466cecf\": \"5B04FAA4695AA927F02DAD9704C71A46_element_80\"\n}\n"}, {"COMMAND": "[1701531850.417][INFO]: [28187a558dc71b9b20128d12c1c947c1] COMMAND ClickElement {\n   \"id\": \"5B04FAA4695AA927F02DAD9704C71A46_element_80\"\n}\n", "RESPONSE": "[1701531850.450][INFO]: [28187a558dc71b9b20128d12c1c947c1] RESPONSE ClickElement\n"}, {"COMMAND": "[1701531850.452][INFO]: [28187a558dc71b9b20128d12c1c947c1] COMMAND FindElement {\n   \"using\": \"xpath\",\n   \"value\": \"//div[contains(@class, 'PaQdxb')]//div[text()='3']\"\n}\n", "RESPONSE": "[1701531850.464][INFO]: [28187a558dc71b9b20128d12c1c947c1] RESPONSE FindElement {\n   \"element-6066-11e4-a52e-4f735466cecf\": \"5B04FAA4695AA927F02DAD9704C71A46_element_81\"\n}\n"}, {"COMMAND": "[1701531850.467][INFO]: [28187a558dc71b9b20128d12c1c947c1] COMMAND ClickElement {\n   \"id\": \"5B04FAA4695AA927F02DAD9704C71A46_element_81\"\n}\n", "RESPONSE": "[1701531850.498][INFO]: [28187a558dc71b9b20128d12c1c947c1] RESPONSE ClickElement\n"}, {"COMMAND": "[1701531851.506][INFO]: [28187a558dc71b9b20128d12c1c947c1] COMMAND FindElement {\n   \"using\": \"xpath\",\n   \"value\": \"//div[contains(@class, 'PaQdxb')]//div[text()='=']\"\n}\n", "RESPONSE": "[1701531851.515][INFO]: [28187a558dc71b9b20128d12c1c947c1] RESPONSE FindElement {\n   \"element-6066-11e4-a52e-4f735466cecf\": \"5B04FAA4695AA927F02DAD9704C71A46_element_65\"\n}\n"}, {"COMMAND": "[1701531851.518][INFO]: [28187a558dc71b9b20128d12c1c947c1] COMMAND ClickElement {\n   \"id\": \"5B04FAA4695AA927F02DAD9704C71A46_element_65\"\n}\n", "RESPONSE": "[1701531851.548][INFO]: [28187a558dc71b9b20128d12c1c947c1] RESPONSE ClickElement\n"}, {"COMMAND": "[1701531851.551][INFO]: [28187a558dc71b9b20128d12c1c947c1] COMMAND FindElement {\n   \"using\": \"xpath\",\n   \"value\": \"//*[@id=\\\"cwos\\\"]\"\n}\n", "RESPONSE": "[1701531851.559][INFO]: [28187a558dc71b9b20128d12c1c947c1] RESPONSE FindElement {\n   \"element-6066-11e4-a52e-4f735466cecf\": \"5B04FAA4695AA927F02DAD9704C71A46_element_61\"\n}\n"}, {"COMMAND": "[1701531851.562][INFO]: [28187a558dc71b9b20128d12c1c947c1] COMMAND GetElementText {\n   \"id\": \"5B04FAA4695AA927F02DAD9704C71A46_element_61\"\n}\n", "RESPONSE": "[1701531851.568][INFO]: [28187a558dc71b9b20128d12c1c947c1] RESPONSE GetElementText \"30\"\n"}, {"COMMAND": "[1701531851.584][INFO]: [28187a558dc71b9b20128d12c1c947c1] COMMAND FindElement {\n   \"using\": \"xpath\",\n   \"value\": \"//div[contains(@class, 'PaQdxb')]//div[text()='AC']\"\n}\n", "RESPONSE": "[1701531851.593][INFO]: [28187a558dc71b9b20128d12c1c947c1] RESPONSE FindElement {\n   \"element-6066-11e4-a52e-4f735466cecf\": \"5B04FAA4695AA927F02DAD9704C71A46_element_70\"\n}\n"}, {"COMMAND": "[1701531851.596][INFO]: [28187a558dc71b9b20128d12c1c947c1] COMMAND ClickElement {\n   \"id\": \"5B04FAA4695AA927F02DAD9704C71A46_element_70\"\n}\n", "RESPONSE": "[1701531851.630][INFO]: [28187a558dc71b9b20128d12c1c947c1] RESPONSE ClickElement\n"}, {"COMMAND": "[1701531851.633][INFO]: [28187a558dc71b9b20128d12c1c947c1] COMMAND GetElementText {\n   \"id\": \"5B04FAA4695AA927F02DAD9704C71A46_element_70\"\n}\n", "RESPONSE": "[1701531851.641][INFO]: [28187a558dc71b9b20128d12c1c947c1] RESPONSE GetElementText \"\"\n"}, {"COMMAND": "[1701531851.645][INFO]: [28187a558dc71b9b20128d12c1c947c1] COMMAND FindElement {\n   \"using\": \"xpath\",\n   \"value\": \"//div[contains(@class, 'PaQdxb')]//div[text()='2']\"\n}\n", "RESPONSE": "[1701531851.656][INFO]: [28187a558dc71b9b20128d12c1c947c1] RESPONSE FindElement {\n   \"element-6066-11e4-a52e-4f735466cecf\": \"5B04FAA4695AA927F02DAD9704C71A46_element_86\"\n}\n"}, {"COMMAND": "[1701531851.659][INFO]: [28187a558dc71b9b20128d12c1c947c1] COMMAND ClickElement {\n   \"id\": \"5B04FAA4695AA927F02DAD9704C71A46_element_86\"\n}\n", "RESPONSE": "[1701531851.694][INFO]: [28187a558dc71b9b20128d12c1c947c1] RESPONSE ClickElement\n"}, {"COMMAND": "[1701531851.696][INFO]: [28187a558dc71b9b20128d12c1c947c1] COMMAND FindElement {\n   \"using\": \"xpath\",\n   \"value\": \"//div[contains(@class, 'PaQdxb')]//div[text()='0']\"\n}\n", "RESPONSE": "[1701531851.703][INFO]: [28187a558dc71b9b20128d12c1c947c1] RESPONSE FindElement {\n   \"element-6066-11e4-a52e-4f735466cecf\": \"5B04FAA4695AA927F02DAD9704C71A46_element_78\"\n}\n"}, {"COMMAND": "[1701531851.706][INFO]: [28187a558dc71b9b20128d12c1c947c1] COMMAND ClickElement {\n   \"id\": \"5B04FAA4695AA927F02DAD9704C71A46_element_78\"\n}\n", "RESPONSE": "[1701531851.744][INFO]: [28187a558dc71b9b20128d12c1c947c1] RESPONSE ClickElement\n"}, {"COMMAND": "[1701531851.748][INFO]: [28187a558dc71b9b20128d12c1c947c1] COMMAND FindElement {\n   \"using\": \"xpath\",\n   \"value\": \"//*[@id=\\\"rso\\\"]/div[1]/div/div/div/div[1]/div/div/div[3]/div/table[2]/tbody/tr[2]/td[4]/div/div\"\n}\n", "RESPONSE": "[1701531851.759][INFO]: [28187a558dc71b9b20128d12c1c947c1] RESPONSE FindElement {\n   \"element-6066-11e4-a52e-4f735466cecf\": \"5B04FAA4695AA927F02DAD9704C71A46_element_87\"\n}\n"}, {"COMMAND": "[1701531851.762][INFO]: [28187a558dc71b9b20128d12c1c947c1] COMMAND ClickElement {\n   \"id\": \"5B04FAA4695AA927F02DAD9704C71A46_element_87\"\n}\n", "RESPONSE": "[1701531851.795][INFO]: [28187a558dc71b9b20128d12c1c947c1] RESPONSE ClickElement\n"}, {"COMMAND": "[1701531851.799][INFO]: [28187a558dc71b9b20128d12c1c947c1] COMMAND FindElement {\n   \"using\": \"xpath\",\n   \"value\": \"//div[contains(@class, 'PaQdxb')]//div[text()='4']\"\n}\n", "RESPONSE": "[1701531851.810][INFO]: [28187a558dc71b9b20128d12c1c947c1] RESPONSE FindElement {\n   \"element-6066-11e4-a52e-4f735466cecf\": \"5B04FAA4695AA927F02DAD9704C71A46_element_88\"\n}\n"}, {"COMMAND": "[1701531851.813][INFO]: [28187a558dc71b9b20128d12c1c947c1] COMMAND ClickElement {\n   \"id\": \"5B04FAA4695AA927F02DAD9704C71A46_element_88\"\n}\n", "RESPONSE": "[1701531851.843][INFO]: [28187a558dc71b9b20128d12c1c947c1] RESPONSE ClickElement\n"}, {"COMMAND": "[1701531852.855][INFO]: [28187a558dc71b9b20128d12c1c947c1] COMMAND FindElement {\n   \"using\": \"xpath\",\n   \"value\": \"//div[contains(@class, 'PaQdxb')]//div[text()='=']\"\n}\n", "RESPONSE": "[1701531852.865][INFO]: [28187a558dc71b9b20128d12c1c947c1] RESPONSE FindElement {\n   \"element-6066-11e4-a52e-4f735466cecf\": \"5B04FAA4695AA927F02DAD9704C71A46_element_65\"\n}\n"}, {"COMMAND": "[1701531852.869][INFO]: [28187a558dc71b9b20128d12c1c947c1] COMMAND ClickElement {\n   \"id\": \"5B04FAA4695AA927F02DAD9704C71A46_element_65\"\n}\n", "RESPONSE": "[1701531852.900][INFO]: [28187a558dc71b9b20128d12c1c947c1] RESPONSE ClickElement\n"}, {"COMMAND": "[1701531852.903][INFO]: [28187a558dc71b9b20128d12c1c947c1] COMMAND FindElement {\n   \"using\": \"xpath\",\n   \"value\": \"//*[@id=\\\"cwos\\\"]\"\n}\n", "RESPONSE": "[1701531852.912][INFO]: [28187a558dc71b9b20128d12c1c947c1] RESPONSE FindElement {\n   \"element-6066-11e4-a52e-4f735466cecf\": \"5B04FAA4695AA927F02DAD9704C71A46_element_61\"\n}\n"}, {"COMMAND": "[1701531852.914][INFO]: [28187a558dc71b9b20128d12c1c947c1] COMMAND GetElementText {\n   \"id\": \"5B04FAA4695AA927F02DAD9704C71A46_element_61\"\n}\n", "RESPONSE": "[1701531852.924][INFO]: [28187a558dc71b9b20128d12c1c947c1] RESPONSE GetElementText \"5\"\n"}]}