{"actions": [{"COMMAND": null, "RESPONSE": null}, {"COMMAND": "[1701525830.680][INFO]: [48894121c9fc6c78586aebfed519e68f] COMMAND InitSession {\n   \"capabilities\": {\n      \"firstMatch\": [ {\n         \"browserName\": \"chrome\",\n         \"goog:chromeOptions\": {\n            \"args\": [  ],\n            \"extensions\": [  ]\n         },\n         \"goog:loggingPrefs\": {\n            \"browser\": \"ALL\",\n            \"driver\": \"ALL\"\n         }\n      } ]\n   }\n}\n", "RESPONSE": "[1701525832.356][INFO]: [48894121c9fc6c78586aebfed519e68f] RESPONSE InitSession {\n   \"capabilities\": {\n      \"acceptInsecureCerts\": false,\n      \"browserName\": \"chrome\",\n      \"browserVersion\": \"119.0.6045.200\",\n      \"chrome\": {\n         \"chromedriverVersion\": \"119.0.6045.105 (38c72552c5e15ba9b3117c0967a0fd105072d7c6-refs/branch-heads/6045@{#1103})\",\n         \"userDataDir\": \"C:\\\\windows\\\\SystemTemp\\\\scoped_dir29132_689818614\"\n      },\n      \"fedcm:accounts\": true,\n      \"goog:chromeOptions\": {\n         \"debuggerAddress\": \"localhost:56248\"\n      },\n      \"networkConnectionEnabled\": false,\n      \"pageLoadStrategy\": \"normal\",\n      \"platformName\": \"windows\",\n      \"proxy\": {\n      },\n      \"setWindowRect\": true,\n      \"strictFileInteractability\": false,\n      \"timeouts\": {\n         \"implicit\": 0,\n         \"pageLoad\": 300000,\n         \"script\": 30000\n      },\n      \"unhandledPromptBehavior\": \"dismiss and notify\",\n      \"webauthn:extension:credBlob\": true,\n      \"webauthn:extension:largeBlob\": true,\n      \"webauthn:extension:minPinLength\": true,\n      \"webauthn:extension:prf\": true,\n      \"webauthn:virtualAuthenticators\": true\n   },\n   \"sessionId\": \"48894121c9fc6c78586aebfed519e68f\"\n}\n"}, {"COMMAND": "[1701525832.591][INFO]: [48894121c9fc6c78586aebfed519e68f] COMMAND MaximizeWindow {\n}\n", "RESPONSE": "[1701525832.714][INFO]: [48894121c9fc6c78586aebfed519e68f] RESPONSE MaximizeWindow {\n   \"height\": 744,\n   \"width\": 1382,\n   \"x\": -8,\n   \"y\": -8\n}\n"}, {"COMMAND": "[1701525832.725][INFO]: [48894121c9fc6c78586aebfed519e68f] COMMAND SetTimeouts {\n   \"implicit\": 30000\n}\n", "RESPONSE": null}, {"COMMAND": "[1701525832.731][INFO]: [48894121c9fc6c78586aebfed519e68f] COMMAND Navigate {\n   \"url\": \"https://www.makemytrip.com/\"\n}\n", "RESPONSE": "[1701525836.562][INFO]: [48894121c9fc6c78586aebfed519e68f] RESPONSE Navigate\n"}, {"COMMAND": "[1701525836.568][INFO]: [48894121c9fc6c78586aebfed519e68f] COMMAND GetUrl {\n}\n", "RESPONSE": "[1701525836.934][INFO]: [48894121c9fc6c78586aebfed519e68f] RESPONSE GetUrl \"https://www.makemytrip.com/\"\n"}, {"COMMAND": "[1701525836.939][INFO]: [48894121c9fc6c78586aebfed519e68f] COMMAND FindElement {\n   \"using\": \"xpath\",\n   \"value\": \"//*[@id='SW']/div[1]/div[2]/div[2]/div/section/span\"\n}\n", "RESPONSE": "[1701525837.072][INFO]: [48894121c9fc6c78586aebfed519e68f] RESPONSE FindElement {\n   \"element-6066-11e4-a52e-4f735466cecf\": \"19C50DB1A2917B69C52EC2D0F5EBF3F3_element_48\"\n}\n"}, {"COMMAND": "[1701525837.083][INFO]: [48894121c9fc6c78586aebfed519e68f] COMMAND ClickElement {\n   \"id\": \"19C50DB1A2917B69C52EC2D0F5EBF3F3_element_48\"\n}\n", "RESPONSE": "[1701525837.310][INFO]: [48894121c9fc6c78586aebfed519e68f] RESPONSE ClickElement\n"}, {"COMMAND": "[1701525837.314][INFO]: [48894121c9fc6c78586aebfed519e68f] COMMAND FindElement {\n   \"using\": \"xpath\",\n   \"value\": \"//*[@id='fromCity']\"\n}\n", "RESPONSE": "[1701525837.330][INFO]: [48894121c9fc6c78586aebfed519e68f] RESPONSE FindElement {\n   \"element-6066-11e4-a52e-4f735466cecf\": \"19C50DB1A2917B69C52EC2D0F5EBF3F3_element_50\"\n}\n"}, {"COMMAND": "[1701525837.334][INFO]: [48894121c9fc6c78586aebfed519e68f] COMMAND ClickElement {\n   \"id\": \"19C50DB1A2917B69C52EC2D0F5EBF3F3_element_50\"\n}\n", "RESPONSE": "[1701525837.500][INFO]: [48894121c9fc6c78586aebfed519e68f] RESPONSE ClickElement\n"}, {"COMMAND": "[1701525837.505][INFO]: [48894121c9fc6c78586aebfed519e68f] COMMAND FindElement {\n   \"using\": \"xpath\",\n   \"value\": \"//*[@id='root']/div/div[2]/div/div/div/div[2]/div[1]/div[1]/div[1]/div/div/div/input\"\n}\n", "RESPONSE": "[1701525837.523][INFO]: [48894121c9fc6c78586aebfed519e68f] RESPONSE FindElement {\n   \"element-6066-11e4-a52e-4f735466cecf\": \"19C50DB1A2917B69C52EC2D0F5EBF3F3_element_52\"\n}\n"}, {"COMMAND": "[1701525837.527][INFO]: [48894121c9fc6c78586aebfed519e68f] COMMAND ClickElement {\n   \"id\": \"19C50DB1A2917B69C52EC2D0F5EBF3F3_element_52\"\n}\n", "RESPONSE": "[1701525837.626][INFO]: [48894121c9fc6c78586aebfed519e68f] RESPONSE ClickElement\n"}, {"COMMAND": "[1701525837.634][INFO]: [48894121c9fc6c78586aebfed519e68f] COMMAND TypeElement {\n   \"id\": \"19C50DB1A2917B69C52EC2D0F5EBF3F3_element_52\",\n   \"text\": \"blr\",\n   \"value\": [ \"b\", \"l\", \"r\" ]\n}\n", "RESPONSE": "[1701525837.685][INFO]: [48894121c9fc6c78586aebfed519e68f] RESPONSE TypeElement\n"}, {"COMMAND": "[1701525838.693][INFO]: [48894121c9fc6c78586aebfed519e68f] COMMAND FindElement {\n   \"using\": \"xpath\",\n   \"value\": \"//*[@id='react-autowhatever-1-section-0-item-0']\"\n}\n", "RESPONSE": "[1701525838.706][INFO]: [48894121c9fc6c78586aebfed519e68f] RESPONSE FindElement {\n   \"element-6066-11e4-a52e-4f735466cecf\": \"19C50DB1A2917B69C52EC2D0F5EBF3F3_element_60\"\n}\n"}, {"COMMAND": "[1701525838.710][INFO]: [48894121c9fc6c78586aebfed519e68f] COMMAND ClickElement {\n   \"id\": \"19C50DB1A2917B69C52EC2D0F5EBF3F3_element_60\"\n}\n", "RESPONSE": "[1701525838.797][INFO]: [48894121c9fc6c78586aebfed519e68f] RESPONSE ClickElement\n"}, {"COMMAND": "[1701525838.800][INFO]: [48894121c9fc6c78586aebfed519e68f] COMMAND FindElement {\n   \"using\": \"xpath\",\n   \"value\": \"//*[@id=\\\"root\\\"]/div/div[2]/div/div/div/div[2]/div[1]/div[1]/label/p/span\"\n}\n", "RESPONSE": "[1701525838.813][INFO]: [48894121c9fc6c78586aebfed519e68f] RESPONSE FindElement {\n   \"element-6066-11e4-a52e-4f735466cecf\": \"19C50DB1A2917B69C52EC2D0F5EBF3F3_element_61\"\n}\n"}, {"COMMAND": "[1701525838.816][INFO]: [48894121c9fc6c78586aebfed519e68f] COMMAND GetElementText {\n   \"id\": \"19C50DB1A2917B69C52EC2D0F5EBF3F3_element_61\"\n}\n", "RESPONSE": "[1701525838.831][INFO]: [48894121c9fc6c78586aebfed519e68f] RESPONSE GetElementText \"BLR, Bengaluru International Airport India\"\n"}, {"COMMAND": "[1701525838.833][INFO]: [48894121c9fc6c78586aebfed519e68f] COMMAND FindElement {\n   \"using\": \"xpath\",\n   \"value\": \"//*[@id='toCity']\"\n}\n", "RESPONSE": "[1701525838.846][INFO]: [48894121c9fc6c78586aebfed519e68f] RESPONSE FindElement {\n   \"element-6066-11e4-a52e-4f735466cecf\": \"19C50DB1A2917B69C52EC2D0F5EBF3F3_element_62\"\n}\n"}, {"COMMAND": "[1701525838.849][INFO]: [48894121c9fc6c78586aebfed519e68f] COMMAND ClickElement {\n   \"id\": \"19C50DB1A2917B69C52EC2D0F5EBF3F3_element_62\"\n}\n", "RESPONSE": "[1701525838.947][INFO]: [48894121c9fc6c78586aebfed519e68f] RESPONSE ClickElement\n"}, {"COMMAND": "[1701525838.950][INFO]: [48894121c9fc6c78586aebfed519e68f] COMMAND FindElement {\n   \"using\": \"xpath\",\n   \"value\": \"//*[@id=\\\"root\\\"]/div/div[2]/div/div/div/div[2]/div[1]/div[2]/div[2]/div/div/div[1]/input\"\n}\n", "RESPONSE": "[1701525838.963][INFO]: [48894121c9fc6c78586aebfed519e68f] RESPONSE FindElement {\n   \"element-6066-11e4-a52e-4f735466cecf\": \"19C50DB1A2917B69C52EC2D0F5EBF3F3_element_66\"\n}\n"}, {"COMMAND": "[1701525838.965][INFO]: [48894121c9fc6c78586aebfed519e68f] COMMAND ClickElement {\n   \"id\": \"19C50DB1A2917B69C52EC2D0F5EBF3F3_element_66\"\n}\n", "RESPONSE": "[1701525839.037][INFO]: [48894121c9fc6c78586aebfed519e68f] RESPONSE ClickElement\n"}, {"COMMAND": "[1701525839.041][INFO]: [48894121c9fc6c78586aebfed519e68f] COMMAND TypeElement {\n   \"id\": \"19C50DB1A2917B69C52EC2D0F5EBF3F3_element_66\",\n   \"text\": \"del\",\n   \"value\": [ \"d\", \"e\", \"l\" ]\n}\n", "RESPONSE": "[1701525839.096][INFO]: [48894121c9fc6c78586aebfed519e68f] RESPONSE TypeElement\n"}, {"COMMAND": "[1701525840.111][INFO]: [48894121c9fc6c78586aebfed519e68f] COMMAND FindElement {\n   \"using\": \"xpath\",\n   \"value\": \"//*[@id='react-autowhatever-1-section-0-item-0']\"\n}\n", "RESPONSE": "[1701525840.124][INFO]: [48894121c9fc6c78586aebfed519e68f] RESPONSE FindElement {\n   \"element-6066-11e4-a52e-4f735466cecf\": \"19C50DB1A2917B69C52EC2D0F5EBF3F3_element_71\"\n}\n"}, {"COMMAND": "[1701525840.127][INFO]: [48894121c9fc6c78586aebfed519e68f] COMMAND ClickElement {\n   \"id\": \"19C50DB1A2917B69C52EC2D0F5EBF3F3_element_71\"\n}\n", "RESPONSE": "[1701525840.234][INFO]: [48894121c9fc6c78586aebfed519e68f] RESPONSE ClickElement\n"}, {"COMMAND": "[1701525840.237][INFO]: [48894121c9fc6c78586aebfed519e68f] COMMAND FindElement {\n   \"using\": \"xpath\",\n   \"value\": \"//*[@id=\\\"root\\\"]/div/div[2]/div/div/div/div[2]/div[1]/div[2]/label/p/span\"\n}\n", "RESPONSE": "[1701525840.249][INFO]: [48894121c9fc6c78586aebfed519e68f] RESPONSE FindElement {\n   \"element-6066-11e4-a52e-4f735466cecf\": \"19C50DB1A2917B69C52EC2D0F5EBF3F3_element_72\"\n}\n"}, {"COMMAND": "[1701525840.252][INFO]: [48894121c9fc6c78586aebfed519e68f] COMMAND GetElementText {\n   \"id\": \"19C50DB1A2917B69C52EC2D0F5EBF3F3_element_72\"\n}\n", "RESPONSE": "[1701525840.260][INFO]: [48894121c9fc6c78586aebfed519e68f] RESPONSE GetElementText \"DEL, Indira Gandhi International Airport India\"\n"}, {"COMMAND": "[1701525840.264][INFO]: [48894121c9fc6c78586aebfed519e68f] COMMAND FindElement {\n   \"using\": \"xpath\",\n   \"value\": \"//*[@id=\\\"root\\\"]/div/div[2]/div/div/div/div[2]/div[1]/div[3]/label/span\"\n}\n", "RESPONSE": "[1701525840.276][INFO]: [48894121c9fc6c78586aebfed519e68f] RESPONSE FindElement {\n   \"element-6066-11e4-a52e-4f735466cecf\": \"19C50DB1A2917B69C52EC2D0F5EBF3F3_element_73\"\n}\n"}, {"COMMAND": "[1701525840.279][INFO]: [48894121c9fc6c78586aebfed519e68f] COMMAND ClickElement {\n   \"id\": \"19C50DB1A2917B69C52EC2D0F5EBF3F3_element_73\"\n}\n", "RESPONSE": "[1701525840.414][INFO]: [48894121c9fc6c78586aebfed519e68f] RESPONSE ClickElement\n"}, {"COMMAND": "[1701525842.431][INFO]: [48894121c9fc6c78586aebfed519e68f] COMMAND FindElement {\n   \"using\": \"xpath\",\n   \"value\": \"//*[@id=\\\"root\\\"]/div/div[2]/div/div/div/div[2]/div[1]/div[3]/div[1]/div/div/div/div[2]/div/div[1]/span[2]\"\n}\n", "RESPONSE": "[1701525842.443][INFO]: [48894121c9fc6c78586aebfed519e68f] RESPONSE FindElement {\n   \"element-6066-11e4-a52e-4f735466cecf\": \"19C50DB1A2917B69C52EC2D0F5EBF3F3_element_125\"\n}\n"}, {"COMMAND": "[1701525842.446][INFO]: [48894121c9fc6c78586aebfed519e68f] COMMAND ClickElement {\n   \"id\": \"19C50DB1A2917B69C52EC2D0F5EBF3F3_element_125\"\n}\n", "RESPONSE": "[1701525842.512][INFO]: [48894121c9fc6c78586aebfed519e68f] RESPONSE ClickElement\n"}, {"COMMAND": "[1701525844.518][INFO]: [48894121c9fc6c78586aebfed519e68f] COMMAND FindElement {\n   \"using\": \"xpath\",\n   \"value\": \"/html/body/div[1]/div/div[2]/div/div/div/div[2]/div[1]/div[3]/div[1]/div/div/div/div[2]/div/div[2]/div[1]/div[1]/div\"\n}\n", "RESPONSE": "[1701525844.530][INFO]: [48894121c9fc6c78586aebfed519e68f] RESPONSE FindElement {\n   \"element-6066-11e4-a52e-4f735466cecf\": \"19C50DB1A2917B69C52EC2D0F5EBF3F3_element_130\"\n}\n"}, {"COMMAND": "[1701525844.533][INFO]: [48894121c9fc6c78586aebfed519e68f] COMMAND GetElementText {\n   \"id\": \"19C50DB1A2917B69C52EC2D0F5EBF3F3_element_130\"\n}\n", "RESPONSE": "[1701525844.541][INFO]: [48894121c9fc6c78586aebfed519e68f] RESPONSE GetElementText \"January 2024\"\n"}, {"COMMAND": "[1701525844.544][INFO]: [48894121c9fc6c78586aebfed519e68f] COMMAND FindElement {\n   \"using\": \"xpath\",\n   \"value\": \"//*[@id=\\\"root\\\"]/div/div[2]/div/div/div/div[2]/div[1]/div[3]/div[1]/div/div/div/div[2]/div/div[2]/div[2]/div[3]/div[3]/div[7]\"\n}\n", "RESPONSE": "[1701525844.555][INFO]: [48894121c9fc6c78586aebfed519e68f] RESPONSE FindElement {\n   \"element-6066-11e4-a52e-4f735466cecf\": \"19C50DB1A2917B69C52EC2D0F5EBF3F3_element_131\"\n}\n"}, {"COMMAND": "[1701525844.557][INFO]: [48894121c9fc6c78586aebfed519e68f] COMMAND ClickElement {\n   \"id\": \"19C50DB1A2917B69C52EC2D0F5EBF3F3_element_131\"\n}\n", "RESPONSE": "[1701525844.624][INFO]: [48894121c9fc6c78586aebfed519e68f] RESPONSE ClickElement\n"}, {"COMMAND": "[1701525846.630][INFO]: [48894121c9fc6c78586aebfed519e68f] COMMAND FindElement {\n   \"using\": \"xpath\",\n   \"value\": \"//*[@id=\\\"root\\\"]/div/div[2]/div/div/div/div[2]/p/a\"\n}\n", "RESPONSE": "[1701525846.642][INFO]: [48894121c9fc6c78586aebfed519e68f] RESPONSE FindElement {\n   \"element-6066-11e4-a52e-4f735466cecf\": \"19C50DB1A2917B69C52EC2D0F5EBF3F3_element_135\"\n}\n"}, {"COMMAND": "[1701525846.650][INFO]: [48894121c9fc6c78586aebfed519e68f] COMMAND ClickElement {\n   \"id\": \"19C50DB1A2917B69C52EC2D0F5EBF3F3_element_135\"\n}\n", "RESPONSE": "[1701525847.224][INFO]: [48894121c9fc6c78586aebfed519e68f] RESPONSE ClickElement\n"}, {"COMMAND": "[1701525847.229][INFO]: [48894121c9fc6c78586aebfed519e68f] COMMAND FindElement {\n   \"using\": \"xpath\",\n   \"value\": \"//*[@id='root']/div/div[2]/div[2]/div[2]/div/span\"\n}\n", "RESPONSE": "[1701525862.772][INFO]: [48894121c9fc6c78586aebfed519e68f] RESPONSE FindElement {\n   \"element-6066-11e4-a52e-4f735466cecf\": \"FD85D878DE5242921FA05DA764199F40_element_315\"\n}\n"}, {"COMMAND": "[1701525862.778][INFO]: [48894121c9fc6c78586aebfed519e68f] COMMAND ClickElement {\n   \"id\": \"FD85D878DE5242921FA05DA764199F40_element_315\"\n}\n", "RESPONSE": "[1701525862.908][INFO]: [48894121c9fc6c78586aebfed519e68f] RESPONSE ClickElement\n"}, {"COMMAND": "[1701525862.912][INFO]: [48894121c9fc6c78586aebfed519e68f] COMMAND FindElement {\n   \"using\": \"xpath\",\n   \"value\": \"/html/body/div[1]/div/div[2]/div[2]/div/div[2]/div/div[2]/div/div[2]/div/div[1]/div[2]/div/div[1]/div[2]/div[2]/div/div/div\"\n}\n", "RESPONSE": "[1701525862.929][INFO]: [48894121c9fc6c78586aebfed519e68f] RESPONSE FindElement {\n   \"element-6066-11e4-a52e-4f735466cecf\": \"FD85D878DE5242921FA05DA764199F40_element_318\"\n}\n"}, {"COMMAND": "[1701525862.933][INFO]: [48894121c9fc6c78586aebfed519e68f] COMMAND GetElementText {\n   \"id\": \"FD85D878DE5242921FA05DA764199F40_element_318\"\n}\n", "RESPONSE": "[1701525862.954][INFO]: [48894121c9fc6c78586aebfed519e68f] RESPONSE GetElementText \"\u00e2\u201a\u00b9 6,605\\nper adult\"\n"}, {"COMMAND": "[1701525862.957][INFO]: [48894121c9fc6c78586aebfed519e68f] COMMAND FindElement {\n   \"using\": \"xpath\",\n   \"value\": \"//*[@id='root']/div/div[1]/div/div/div/div/nav/ul/li[5]/span/a\"\n}\n", "RESPONSE": "[1701525862.972][INFO]: [48894121c9fc6c78586aebfed519e68f] RESPONSE FindElement {\n   \"element-6066-11e4-a52e-4f735466cecf\": \"FD85D878DE5242921FA05DA764199F40_element_160\"\n}\n"}, {"COMMAND": "[1701525862.976][INFO]: [48894121c9fc6c78586aebfed519e68f] COMMAND ClickElement {\n   \"id\": \"FD85D878DE5242921FA05DA764199F40_element_160\"\n}\n", "RESPONSE": "[1701525864.639][INFO]: [48894121c9fc6c78586aebfed519e68f] RESPONSE ClickElement\n"}, {"COMMAND": "[1701525864.643][INFO]: [48894121c9fc6c78586aebfed519e68f] COMMAND FindElement {\n   \"using\": \"xpath\",\n   \"value\": \"//*[@id='fromCity']\"\n}\n", "RESPONSE": "[1701525864.884][INFO]: [48894121c9fc6c78586aebfed519e68f] RESPONSE FindElement {\n   \"element-6066-11e4-a52e-4f735466cecf\": \"D18E41F6B369A8FEAF902F9011486C21_element_409\"\n}\n"}, {"COMMAND": "[1701525864.889][INFO]: [48894121c9fc6c78586aebfed519e68f] COMMAND ClickElement {\n   \"id\": \"D18E41F6B369A8FEAF902F9011486C21_element_409\"\n}\n", "RESPONSE": "[1701525865.112][INFO]: [48894121c9fc6c78586aebfed519e68f] RESPONSE ClickElement\n"}, {"COMMAND": "[1701525865.117][INFO]: [48894121c9fc6c78586aebfed519e68f] COMMAND FindElement {\n   \"using\": \"xpath\",\n   \"value\": \"//*[@id=\\\"root\\\"]/div/div[2]/div/div/div/div[2]/div/div[1]/div[1]/div/div/div/input\"\n}\n", "RESPONSE": "[1701525865.397][INFO]: [48894121c9fc6c78586aebfed519e68f] RESPONSE FindElement {\n   \"element-6066-11e4-a52e-4f735466cecf\": \"D18E41F6B369A8FEAF902F9011486C21_element_423\"\n}\n"}, {"COMMAND": "[1701525865.400][INFO]: [48894121c9fc6c78586aebfed519e68f] COMMAND ClickElement {\n   \"id\": \"D18E41F6B369A8FEAF902F9011486C21_element_423\"\n}\n", "RESPONSE": "[1701525865.498][INFO]: [48894121c9fc6c78586aebfed519e68f] RESPONSE ClickElement\n"}, {"COMMAND": "[1701525866.502][INFO]: [48894121c9fc6c78586aebfed519e68f] COMMAND TypeElement {\n   \"id\": \"D18E41F6B369A8FEAF902F9011486C21_element_423\",\n   \"text\": \"ypr\",\n   \"value\": [ \"y\", \"p\", \"r\" ]\n}\n", "RESPONSE": "[1701525866.569][INFO]: [48894121c9fc6c78586aebfed519e68f] RESPONSE TypeElement\n"}, {"COMMAND": "[1701525867.576][INFO]: [48894121c9fc6c78586aebfed519e68f] COMMAND FindElement {\n   \"using\": \"xpath\",\n   \"value\": \"//*[@id='react-autowhatever-1-section-0-item-0']\"\n}\n", "RESPONSE": "[1701525867.587][INFO]: [48894121c9fc6c78586aebfed519e68f] RESPONSE FindElement {\n   \"element-6066-11e4-a52e-4f735466cecf\": \"D18E41F6B369A8FEAF902F9011486C21_element_431\"\n}\n"}, {"COMMAND": "[1701525867.590][INFO]: [48894121c9fc6c78586aebfed519e68f] COMMAND ClickElement {\n   \"id\": \"D18E41F6B369A8FEAF902F9011486C21_element_431\"\n}\n", "RESPONSE": "[1701525867.683][INFO]: [48894121c9fc6c78586aebfed519e68f] RESPONSE ClickElement\n"}, {"COMMAND": "[1701525867.686][INFO]: [48894121c9fc6c78586aebfed519e68f] COMMAND FindElement {\n   \"using\": \"xpath\",\n   \"value\": \"//*[@id=\\\"root\\\"]/div/div[2]/div/div/div/div[2]/div/div[1]/label/p\"\n}\n", "RESPONSE": "[1701525867.696][INFO]: [48894121c9fc6c78586aebfed519e68f] RESPONSE FindElement {\n   \"element-6066-11e4-a52e-4f735466cecf\": \"D18E41F6B369A8FEAF902F9011486C21_element_433\"\n}\n"}, {"COMMAND": "[1701525867.700][INFO]: [48894121c9fc6c78586aebfed519e68f] COMMAND GetElementText {\n   \"id\": \"D18E41F6B369A8FEAF902F9011486C21_element_433\"\n}\n", "RESPONSE": "[1701525867.706][INFO]: [48894121c9fc6c78586aebfed519e68f] RESPONSE GetElementText \"YPR, Bengaluru - All Stations\"\n"}, {"COMMAND": "[1701525869.699][INFO]: [48894121c9fc6c78586aebfed519e68f] COMMAND FindElement {\n   \"using\": \"xpath\",\n   \"value\": \"//*[@id='toCity']\"\n}\n", "RESPONSE": "[1701525869.710][INFO]: [48894121c9fc6c78586aebfed519e68f] RESPONSE FindElement {\n   \"element-6066-11e4-a52e-4f735466cecf\": \"D18E41F6B369A8FEAF902F9011486C21_element_436\"\n}\n"}, {"COMMAND": "[1701525869.713][INFO]: [48894121c9fc6c78586aebfed519e68f] COMMAND FindElement {\n   \"using\": \"xpath\",\n   \"value\": \"//*[@id='root']/div/div[2]/div/div/div/div[2]/div/div[2]/div[1]/div/div/div/input\"\n}\n", "RESPONSE": "[1701525869.722][INFO]: [48894121c9fc6c78586aebfed519e68f] RESPONSE FindElement {\n   \"element-6066-11e4-a52e-4f735466cecf\": \"D18E41F6B369A8FEAF902F9011486C21_element_432\"\n}\n"}, {"COMMAND": "[1701525869.724][INFO]: [48894121c9fc6c78586aebfed519e68f] COMMAND ClickElement {\n   \"id\": \"D18E41F6B369A8FEAF902F9011486C21_element_432\"\n}\n", "RESPONSE": "[1701525869.784][INFO]: [48894121c9fc6c78586aebfed519e68f] RESPONSE ClickElement\n"}, {"COMMAND": "[1701525869.786][INFO]: [48894121c9fc6c78586aebfed519e68f] COMMAND TypeElement {\n   \"id\": \"D18E41F6B369A8FEAF902F9011486C21_element_432\",\n   \"text\": \"ndls\",\n   \"value\": [ \"n\", \"d\", \"l\", \"s\" ]\n}\n", "RESPONSE": "[1701525869.840][INFO]: [48894121c9fc6c78586aebfed519e68f] RESPONSE TypeElement\n"}, {"COMMAND": "[1701525870.847][INFO]: [48894121c9fc6c78586aebfed519e68f] COMMAND FindElement {\n   \"using\": \"xpath\",\n   \"value\": \"//*[@id='react-autowhatever-1-section-0-item-0']\"\n}\n", "RESPONSE": "[1701525870.855][INFO]: [48894121c9fc6c78586aebfed519e68f] RESPONSE FindElement {\n   \"element-6066-11e4-a52e-4f735466cecf\": \"D18E41F6B369A8FEAF902F9011486C21_element_446\"\n}\n"}, {"COMMAND": "[1701525870.859][INFO]: [48894121c9fc6c78586aebfed519e68f] COMMAND ClickElement {\n   \"id\": \"D18E41F6B369A8FEAF902F9011486C21_element_446\"\n}\n", "RESPONSE": "[1701525870.936][INFO]: [48894121c9fc6c78586aebfed519e68f] RESPONSE ClickElement\n"}, {"COMMAND": "[1701525870.939][INFO]: [48894121c9fc6c78586aebfed519e68f] COMMAND FindElement {\n   \"using\": \"xpath\",\n   \"value\": \"//*[@id=\\\"root\\\"]/div/div[2]/div/div/div/div[2]/div/div[2]/label/p\"\n}\n", "RESPONSE": "[1701525870.950][INFO]: [48894121c9fc6c78586aebfed519e68f] RESPONSE FindElement {\n   \"element-6066-11e4-a52e-4f735466cecf\": \"D18E41F6B369A8FEAF902F9011486C21_element_448\"\n}\n"}, {"COMMAND": "[1701525870.953][INFO]: [48894121c9fc6c78586aebfed519e68f] COMMAND GetElementText {\n   \"id\": \"D18E41F6B369A8FEAF902F9011486C21_element_448\"\n}\n", "RESPONSE": "[1701525870.963][INFO]: [48894121c9fc6c78586aebfed519e68f] RESPONSE GetElementText \"NDLS, Delhi - All Stations\"\n"}, {"COMMAND": "[1701525870.965][INFO]: [48894121c9fc6c78586aebfed519e68f] COMMAND FindElement {\n   \"using\": \"xpath\",\n   \"value\": \"//*[@id='travelDate']\"\n}\n", "RESPONSE": "[1701525870.974][INFO]: [48894121c9fc6c78586aebfed519e68f] RESPONSE FindElement {\n   \"element-6066-11e4-a52e-4f735466cecf\": \"D18E41F6B369A8FEAF902F9011486C21_element_449\"\n}\n"}, {"COMMAND": "[1701525870.979][INFO]: [48894121c9fc6c78586aebfed519e68f] COMMAND ClickElement {\n   \"id\": \"D18E41F6B369A8FEAF902F9011486C21_element_449\"\n}\n", "RESPONSE": "[1701525871.051][INFO]: [48894121c9fc6c78586aebfed519e68f] RESPONSE ClickElement\n"}, {"COMMAND": "[1701525873.062][INFO]: [48894121c9fc6c78586aebfed519e68f] COMMAND FindElement {\n   \"using\": \"xpath\",\n   \"value\": \"//*[@id=\\\"root\\\"]/div/div[2]/div/div/div/div[2]/div/div[3]/div[1]/div/div/div/div[2]/div/div[1]/span[2]\"\n}\n", "RESPONSE": "[1701525873.074][INFO]: [48894121c9fc6c78586aebfed519e68f] RESPONSE FindElement {\n   \"element-6066-11e4-a52e-4f735466cecf\": \"D18E41F6B369A8FEAF902F9011486C21_element_453\"\n}\n"}, {"COMMAND": "[1701525873.078][INFO]: [48894121c9fc6c78586aebfed519e68f] COMMAND ClickElement {\n   \"id\": \"D18E41F6B369A8FEAF902F9011486C21_element_453\"\n}\n", "RESPONSE": "[1701525873.197][INFO]: [48894121c9fc6c78586aebfed519e68f] RESPONSE ClickElement\n"}, {"COMMAND": "[1701525875.200][INFO]: [48894121c9fc6c78586aebfed519e68f] COMMAND FindElement {\n   \"using\": \"xpath\",\n   \"value\": \"/html/body/div[1]/div/div[2]/div/div/div/div[2]/div[1]/div[3]/div[1]/div/div/div/div[2]/div/div[2]/div[1]/div[1]/div\"\n}\n", "RESPONSE": "[1701525875.212][INFO]: [48894121c9fc6c78586aebfed519e68f] RESPONSE FindElement {\n   \"element-6066-11e4-a52e-4f735466cecf\": \"D18E41F6B369A8FEAF902F9011486C21_element_459\"\n}\n"}, {"COMMAND": "[1701525875.215][INFO]: [48894121c9fc6c78586aebfed519e68f] COMMAND GetElementText {\n   \"id\": \"D18E41F6B369A8FEAF902F9011486C21_element_459\"\n}\n", "RESPONSE": "[1701525875.223][INFO]: [48894121c9fc6c78586aebfed519e68f] RESPONSE GetElementText \"January 2024\"\n"}, {"COMMAND": "[1701525875.226][INFO]: [48894121c9fc6c78586aebfed519e68f] COMMAND FindElement {\n   \"using\": \"xpath\",\n   \"value\": \"//*[@id=\\\"root\\\"]/div/div[2]/div/div/div/div[2]/div[1]/div[3]/div[1]/div/div/div/div[2]/div/div[2]/div[2]/div[3]/div[3]/div[7]\"\n}\n", "RESPONSE": "[1701525875.236][INFO]: [48894121c9fc6c78586aebfed519e68f] RESPONSE FindElement {\n   \"element-6066-11e4-a52e-4f735466cecf\": \"D18E41F6B369A8FEAF902F9011486C21_element_460\"\n}\n"}, {"COMMAND": "[1701525875.238][INFO]: [48894121c9fc6c78586aebfed519e68f] COMMAND ClickElement {\n   \"id\": \"D18E41F6B369A8FEAF902F9011486C21_element_460\"\n}\n", "RESPONSE": "[1701525875.306][INFO]: [48894121c9fc6c78586aebfed519e68f] RESPONSE ClickElement\n"}, {"COMMAND": "[1701525877.324][INFO]: [48894121c9fc6c78586aebfed519e68f] COMMAND FindElement {\n   \"using\": \"xpath\",\n   \"value\": \"//*[@id='root']/div/div[2]/div/div/div/div[2]/div/div[4]/label/span\"\n}\n", "RESPONSE": "[1701525877.335][INFO]: [48894121c9fc6c78586aebfed519e68f] RESPONSE FindElement {\n   \"element-6066-11e4-a52e-4f735466cecf\": \"D18E41F6B369A8FEAF902F9011486C21_element_465\"\n}\n"}, {"COMMAND": "[1701525877.338][INFO]: [48894121c9fc6c78586aebfed519e68f] COMMAND ClickElement {\n   \"id\": \"D18E41F6B369A8FEAF902F9011486C21_element_465\"\n}\n", "RESPONSE": "[1701525877.423][INFO]: [48894121c9fc6c78586aebfed519e68f] RESPONSE ClickElement\n"}, {"COMMAND": "[1701525877.426][INFO]: [48894121c9fc6c78586aebfed519e68f] COMMAND FindElement {\n   \"using\": \"xpath\",\n   \"value\": \"//*[@id='root']/div/div[2]/div/div/div/div[2]/div/div[4]/ul/li[3]\"\n}\n", "RESPONSE": "[1701525877.436][INFO]: [48894121c9fc6c78586aebfed519e68f] RESPONSE FindElement {\n   \"element-6066-11e4-a52e-4f735466cecf\": \"D18E41F6B369A8FEAF902F9011486C21_element_467\"\n}\n"}, {"COMMAND": "[1701525877.440][INFO]: [48894121c9fc6c78586aebfed519e68f] COMMAND ClickElement {\n   \"id\": \"D18E41F6B369A8FEAF902F9011486C21_element_467\"\n}\n", "RESPONSE": "[1701525877.508][INFO]: [48894121c9fc6c78586aebfed519e68f] RESPONSE ClickElement\n"}, {"COMMAND": "[1701525879.516][INFO]: [48894121c9fc6c78586aebfed519e68f] COMMAND FindElement {\n   \"using\": \"xpath\",\n   \"value\": \"//*[@id=\\\"root\\\"]/div/div[2]/div/div/div/div[2]/p/a\"\n}\n", "RESPONSE": "[1701525879.527][INFO]: [48894121c9fc6c78586aebfed519e68f] RESPONSE FindElement {\n   \"element-6066-11e4-a52e-4f735466cecf\": \"D18E41F6B369A8FEAF902F9011486C21_element_468\"\n}\n"}, {"COMMAND": "[1701525879.530][INFO]: [48894121c9fc6c78586aebfed519e68f] COMMAND ClickElement {\n   \"id\": \"D18E41F6B369A8FEAF902F9011486C21_element_468\"\n}\n", "RESPONSE": "[1701525881.625][INFO]: [48894121c9fc6c78586aebfed519e68f] RESPONSE ClickElement\n"}, {"COMMAND": "[1701525881.628][INFO]: [48894121c9fc6c78586aebfed519e68f] COMMAND FindElement {\n   \"using\": \"xpath\",\n   \"value\": \"//*[@id='train_options_17-02-2024_0']/div[1]/div[2]\"\n}\n", "RESPONSE": "[1701525881.641][INFO]: [48894121c9fc6c78586aebfed519e68f] RESPONSE FindElement {\n   \"element-6066-11e4-a52e-4f735466cecf\": \"A72E5474C7BFDBACF81878923D793412_element_512\"\n}\n"}, {"COMMAND": "[1701525881.643][INFO]: [48894121c9fc6c78586aebfed519e68f] COMMAND GetElementText {\n   \"id\": \"A72E5474C7BFDBACF81878923D793412_element_512\"\n}\n", "RESPONSE": "[1701525881.651][INFO]: [48894121c9fc6c78586aebfed519e68f] RESPONSE GetElementText \"\u00e2\u201a\u00b9 3115\"\n"}, {"COMMAND": "[1701525881.654][INFO]: [48894121c9fc6c78586aebfed519e68f] COMMAND FindElement {\n   \"using\": \"xpath\",\n   \"value\": \"/html/body/div[1]/div/div[1]/div[1]/div[2]/div/div/nav/ul/li[6]/span/a\"\n}\n", "RESPONSE": "[1701525884.757][INFO]: [48894121c9fc6c78586aebfed519e68f] RESPONSE FindElement {\n   \"element-6066-11e4-a52e-4f735466cecf\": \"F175927A81A5236932FF71A15804D055_element_596\"\n}\n"}, {"COMMAND": "[1701525884.761][INFO]: [48894121c9fc6c78586aebfed519e68f] COMMAND ClickElement {\n   \"id\": \"F175927A81A5236932FF71A15804D055_element_596\"\n}\n", "RESPONSE": "[1701525886.226][INFO]: [48894121c9fc6c78586aebfed519e68f] RESPONSE ClickElement\n"}, {"COMMAND": "[1701525886.229][INFO]: [48894121c9fc6c78586aebfed519e68f] COMMAND FindElement {\n   \"using\": \"xpath\",\n   \"value\": \"//*[@id='fromCity']\"\n}\n", "RESPONSE": "[1701525886.383][INFO]: [48894121c9fc6c78586aebfed519e68f] RESPONSE FindElement {\n   \"element-6066-11e4-a52e-4f735466cecf\": \"93196863BC8AD980A4EE678AD02BAB95_element_620\"\n}\n"}, {"COMMAND": "[1701525886.386][INFO]: [48894121c9fc6c78586aebfed519e68f] COMMAND ClickElement {\n   \"id\": \"93196863BC8AD980A4EE678AD02BAB95_element_620\"\n}\n", "RESPONSE": "[1701525886.545][INFO]: [48894121c9fc6c78586aebfed519e68f] RESPONSE ClickElement\n"}, {"COMMAND": "[1701525886.548][INFO]: [48894121c9fc6c78586aebfed519e68f] COMMAND FindElement {\n   \"using\": \"xpath\",\n   \"value\": \"//*[@id=\\\"root\\\"]/div/div[2]/div/div/div[2]/div[1]/div[1]/div[1]/div/div/div/input\"\n}\n", "RESPONSE": "[1701525886.870][INFO]: [48894121c9fc6c78586aebfed519e68f] RESPONSE FindElement {\n   \"element-6066-11e4-a52e-4f735466cecf\": \"93196863BC8AD980A4EE678AD02BAB95_element_623\"\n}\n"}, {"COMMAND": "[1701525886.872][INFO]: [48894121c9fc6c78586aebfed519e68f] COMMAND ClickElement {\n   \"id\": \"93196863BC8AD980A4EE678AD02BAB95_element_623\"\n}\n", "RESPONSE": "[1701525886.939][INFO]: [48894121c9fc6c78586aebfed519e68f] RESPONSE ClickElement\n"}, {"COMMAND": "[1701525886.942][INFO]: [48894121c9fc6c78586aebfed519e68f] COMMAND TypeElement {\n   \"id\": \"93196863BC8AD980A4EE678AD02BAB95_element_623\",\n   \"text\": \"bangl\",\n   \"value\": [ \"b\", \"a\", \"n\", \"g\", \"l\" ]\n}\n", "RESPONSE": "[1701525887.002][INFO]: [48894121c9fc6c78586aebfed519e68f] RESPONSE TypeElement\n"}, {"COMMAND": "[1701525888.012][INFO]: [48894121c9fc6c78586aebfed519e68f] COMMAND FindElement {\n   \"using\": \"xpath\",\n   \"value\": \"//*[@id='react-autowhatever-1-section-0-item-0']\"\n}\n", "RESPONSE": "[1701525888.022][INFO]: [48894121c9fc6c78586aebfed519e68f] RESPONSE FindElement {\n   \"element-6066-11e4-a52e-4f735466cecf\": \"93196863BC8AD980A4EE678AD02BAB95_element_626\"\n}\n"}, {"COMMAND": "[1701525888.026][INFO]: [48894121c9fc6c78586aebfed519e68f] COMMAND ClickElement {\n   \"id\": \"93196863BC8AD980A4EE678AD02BAB95_element_626\"\n}\n", "RESPONSE": "[1701525888.122][INFO]: [48894121c9fc6c78586aebfed519e68f] RESPONSE ClickElement\n"}, {"COMMAND": "[1701525890.123][INFO]: [48894121c9fc6c78586aebfed519e68f] COMMAND FindElement {\n   \"using\": \"xpath\",\n   \"value\": \"//*[@id=\\\"fromCity\\\"]\"\n}\n", "RESPONSE": "[1701525890.135][INFO]: [48894121c9fc6c78586aebfed519e68f] RESPONSE FindElement {\n   \"element-6066-11e4-a52e-4f735466cecf\": \"93196863BC8AD980A4EE678AD02BAB95_element_620\"\n}\n"}, {"COMMAND": "[1701525890.159][INFO]: [48894121c9fc6c78586aebfed519e68f] COMMAND FindElement {\n   \"using\": \"xpath\",\n   \"value\": \"//*[@id='toCity']\"\n}\n", "RESPONSE": "[1701525890.170][INFO]: [48894121c9fc6c78586aebfed519e68f] RESPONSE FindElement {\n   \"element-6066-11e4-a52e-4f735466cecf\": \"93196863BC8AD980A4EE678AD02BAB95_element_630\"\n}\n"}, {"COMMAND": "[1701525890.172][INFO]: [48894121c9fc6c78586aebfed519e68f] COMMAND FindElement {\n   \"using\": \"xpath\",\n   \"value\": \"//*[@id=\\\"root\\\"]/div/div[2]/div/div/div[2]/div/div[2]/div[1]/div/div/div/input\"\n}\n", "RESPONSE": "[1701525890.182][INFO]: [48894121c9fc6c78586aebfed519e68f] RESPONSE FindElement {\n   \"element-6066-11e4-a52e-4f735466cecf\": \"93196863BC8AD980A4EE678AD02BAB95_element_627\"\n}\n"}, {"COMMAND": "[1701525890.185][INFO]: [48894121c9fc6c78586aebfed519e68f] COMMAND ClickElement {\n   \"id\": \"93196863BC8AD980A4EE678AD02BAB95_element_627\"\n}\n", "RESPONSE": "[1701525890.251][INFO]: [48894121c9fc6c78586aebfed519e68f] RESPONSE ClickElement\n"}, {"COMMAND": "[1701525890.253][INFO]: [48894121c9fc6c78586aebfed519e68f] COMMAND TypeElement {\n   \"id\": \"93196863BC8AD980A4EE678AD02BAB95_element_627\",\n   \"text\": \"del\",\n   \"value\": [ \"d\", \"e\", \"l\" ]\n}\n", "RESPONSE": "[1701525890.306][INFO]: [48894121c9fc6c78586aebfed519e68f] RESPONSE TypeElement\n"}, {"COMMAND": "[1701525891.309][INFO]: [48894121c9fc6c78586aebfed519e68f] COMMAND FindElement {\n   \"using\": \"xpath\",\n   \"value\": \"//*[@id=\\\"react-autowhatever-1-section-0-item-0\\\"]\"\n}\n", "RESPONSE": "[1701525891.321][INFO]: [48894121c9fc6c78586aebfed519e68f] RESPONSE FindElement {\n   \"element-6066-11e4-a52e-4f735466cecf\": \"93196863BC8AD980A4EE678AD02BAB95_element_633\"\n}\n"}, {"COMMAND": "[1701525891.325][INFO]: [48894121c9fc6c78586aebfed519e68f] COMMAND ClickElement {\n   \"id\": \"93196863BC8AD980A4EE678AD02BAB95_element_633\"\n}\n", "RESPONSE": "[1701525891.406][INFO]: [48894121c9fc6c78586aebfed519e68f] RESPONSE ClickElement\n"}, {"COMMAND": "[1701525891.409][INFO]: [48894121c9fc6c78586aebfed519e68f] COMMAND FindElement {\n   \"using\": \"xpath\",\n   \"value\": \"//*[@id=\\\"toCity\\\"]\"\n}\n", "RESPONSE": "[1701525891.420][INFO]: [48894121c9fc6c78586aebfed519e68f] RESPONSE FindElement {\n   \"element-6066-11e4-a52e-4f735466cecf\": \"93196863BC8AD980A4EE678AD02BAB95_element_630\"\n}\n"}, {"COMMAND": "[1701525891.437][INFO]: [48894121c9fc6c78586aebfed519e68f] COMMAND FindElement {\n   \"using\": \"xpath\",\n   \"value\": \"//*[@id='travelDate']\"\n}\n", "RESPONSE": "[1701525891.452][INFO]: [48894121c9fc6c78586aebfed519e68f] RESPONSE FindElement {\n   \"element-6066-11e4-a52e-4f735466cecf\": \"93196863BC8AD980A4EE678AD02BAB95_element_634\"\n}\n"}, {"COMMAND": "[1701525893.464][INFO]: [48894121c9fc6c78586aebfed519e68f] COMMAND FindElement {\n   \"using\": \"xpath\",\n   \"value\": \"//*[@id=\\\"root\\\"]/div/div[2]/div/div/div[2]/div/div[3]/div[1]/div/div/div/div[2]/div/div[1]/span[2]\"\n}\n", "RESPONSE": "[1701525893.476][INFO]: [48894121c9fc6c78586aebfed519e68f] RESPONSE FindElement {\n   \"element-6066-11e4-a52e-4f735466cecf\": \"93196863BC8AD980A4EE678AD02BAB95_element_638\"\n}\n"}, {"COMMAND": "[1701525893.479][INFO]: [48894121c9fc6c78586aebfed519e68f] COMMAND ClickElement {\n   \"id\": \"93196863BC8AD980A4EE678AD02BAB95_element_638\"\n}\n", "RESPONSE": "[1701525893.548][INFO]: [48894121c9fc6c78586aebfed519e68f] RESPONSE ClickElement\n"}, {"COMMAND": "[1701525895.552][INFO]: [48894121c9fc6c78586aebfed519e68f] COMMAND FindElement {\n   \"using\": \"xpath\",\n   \"value\": \"//*[@id='root']/div/div[2]/div/div/div[2]/div/div[3]/div[1]/div/div/div/div[2]/div/div[2]/div[1]/div[1]/div\"\n}\n", "RESPONSE": "[1701525895.564][INFO]: [48894121c9fc6c78586aebfed519e68f] RESPONSE FindElement {\n   \"element-6066-11e4-a52e-4f735466cecf\": \"93196863BC8AD980A4EE678AD02BAB95_element_644\"\n}\n"}, {"COMMAND": "[1701525895.567][INFO]: [48894121c9fc6c78586aebfed519e68f] COMMAND GetElementText {\n   \"id\": \"93196863BC8AD980A4EE678AD02BAB95_element_644\"\n}\n", "RESPONSE": "[1701525895.575][INFO]: [48894121c9fc6c78586aebfed519e68f] RESPONSE GetElementText \"January 2024\"\n"}, {"COMMAND": "[1701525895.578][INFO]: [48894121c9fc6c78586aebfed519e68f] COMMAND FindElement {\n   \"using\": \"xpath\",\n   \"value\": \"//*[@id=\\\"root\\\"]/div/div[2]/div/div/div[2]/div/div[3]/div[1]/div/div/div/div[2]/div/div[2]/div[2]/div[3]/div[3]/div[7]\"\n}\n", "RESPONSE": "[1701525895.589][INFO]: [48894121c9fc6c78586aebfed519e68f] RESPONSE FindElement {\n   \"element-6066-11e4-a52e-4f735466cecf\": \"93196863BC8AD980A4EE678AD02BAB95_element_645\"\n}\n"}, {"COMMAND": "[1701525895.592][INFO]: [48894121c9fc6c78586aebfed519e68f] COMMAND ClickElement {\n   \"id\": \"93196863BC8AD980A4EE678AD02BAB95_element_645\"\n}\n", "RESPONSE": "[1701525895.661][INFO]: [48894121c9fc6c78586aebfed519e68f] RESPONSE ClickElement\n"}, {"COMMAND": "[1701525897.671][INFO]: [48894121c9fc6c78586aebfed519e68f] COMMAND FindElement {\n   \"using\": \"xpath\",\n   \"value\": \"//*[@id=\\\"search_button\\\"]\"\n}\n", "RESPONSE": "[1701525897.682][INFO]: [48894121c9fc6c78586aebfed519e68f] RESPONSE FindElement {\n   \"element-6066-11e4-a52e-4f735466cecf\": \"93196863BC8AD980A4EE678AD02BAB95_element_649\"\n}\n"}, {"COMMAND": "[1701525897.685][INFO]: [48894121c9fc6c78586aebfed519e68f] COMMAND ClickElement {\n   \"id\": \"93196863BC8AD980A4EE678AD02BAB95_element_649\"\n}\n", "RESPONSE": "[1701525898.703][INFO]: [48894121c9fc6c78586aebfed519e68f] RESPONSE ClickElement\n"}, {"COMMAND": "[1701525898.707][INFO]: [48894121c9fc6c78586aebfed519e68f] COMMAND FindElement {\n   \"using\": \"xpath\",\n   \"value\": \"//*[@id='root']/div[1]/div[3]/div[1]/span[1]\"\n}\n", "RESPONSE": "[1701525900.050][INFO]: [48894121c9fc6c78586aebfed519e68f] RESPONSE FindElement {\n   \"element-6066-11e4-a52e-4f735466cecf\": \"6BA741B0E09CDF654F3D0E06199403AF_element_690\"\n}\n"}, {"COMMAND": "[1701525900.052][INFO]: [48894121c9fc6c78586aebfed519e68f] COMMAND GetElementText {\n   \"id\": \"6BA741B0E09CDF654F3D0E06199403AF_element_690\"\n}\n", "RESPONSE": "[1701525900.059][INFO]: [48894121c9fc6c78586aebfed519e68f] RESPONSE GetElementText \"No buses found for 17 Feb\"\n"}]}